scope,profile,solver,runs,mean_completed,std_completed,cvar_0.1_completed,cvar_0.9_sortie_loss,mean_missed,mean_worst_wave,mean_recovery_time,max_recovery_time,censored_recoveries,mean_latency_p95_ms,max_latency_ms,mean_solve_latency_p95_ms,max_solve_latency_ms,deadline_miss_rate,mean_runtime_seconds,mean_resilience_ratio
profile,compound_heavy,cp_sat_b50,5,111.0,1.224744871391589,109.0,12.0,129.0,5.0,49.363133891010335,170.87002864463463,3,98.50529693067074,300.9745627641678,0.0,0.0,0.0,55.481210133805874,0.9065967016491754
profile,compound_light,cp_sat_b50,5,115.4,0.5477225575051661,115.0,3.0,124.6,6.8,29.991005977362665,50.368204131869106,0,138.6278361082077,318.9268596470356,0.0,0.0,0.0,89.0174070470035,0.9809895052473763
profile,compound_medium,cp_sat_b50,5,115.8,0.4472135954999579,115.0,5.0,124.2,7.2,27.71598153710595,49.20059108841889,0,131.15219585597515,327.62073166668415,0.0,0.0,0.0,79.97601183354854,0.9688605697151425
profile,none,cp_sat_b50,5,115.6,0.5477225575051661,115.0,0.0,124.4,6.8,nan,0.0,0,136.4366240799427,317.7116643637419,0.0,0.0,0.0,83.78254941366613,1.0
overall,all,cp_sat_b50,20,114.45,2.163695668842645,110.0,11.5,125.55,6.45,35.69004046849298,170.87002864463463,3,126.18048824369907,327.62073166668415,0.0,0.0,0.0,77.06429460700602,0.9641116941529235
profile,compound_heavy,heuristic,5,102.6,2.073644135332772,100.0,13.0,137.4,4.8,49.363133891010335,170.87002864463463,3,109.35671143233776,326.22985541820526,0.0,0.0,0.0,52.515987972170116,0.9041749957784971
profile,compound_light,heuristic,5,111.4,0.8944271909999159,110.0,3.0,128.6,7.2,29.991005977362665,50.368204131869106,0,134.25099663436413,300.21064542233944,0.0,0.0,0.0,80.46334166489541,0.9858698400483702
profile,compound_medium,heuristic,5,110.8,3.1144823004794873,106.0,7.0,129.2,6.6,27.71598153710595,49.20059108841889,0,130.93908615410328,323.5295321792364,0.0,0.0,0.0,72.52520919442176,0.969954220834367
profile,none,heuristic,5,112.6,1.51657508881031,111.0,0.0,127.4,7.8,nan,0.0,0,140.5189961194992,286.714905872941,0.0,0.0,0.0,85.67787127867341,1.0
overall,all,heuristic,20,109.35,4.47537119895334,100.5,12.5,130.65,6.6,35.69004046849298,170.87002864463463,3,128.7664475850761,326.22985541820526,0.0,0.0,0.0,72.79560252754018,0.9649997641653086
profile,compound_heavy,risk_aware_rl_cp_b50,5,111.0,1.224744871391589,109.0,13.0,129.0,5.0,49.363133891010335,170.87002864463463,3,98.07669073343277,325.7552646100521,0.0,0.0,0.0,54.2254961155355,0.8998467432950191
profile,compound_light,risk_aware_rl_cp_b50,5,115.8,0.4472135954999579,115.0,7.0,124.2,6.6,30.708454387764156,50.368204131869106,1,134.96988080441952,330.7326156646013,0.0,0.0,0.0,83.0227377589792,0.968993708274068
profile,compound_medium,risk_aware_rl_cp_b50,5,115.8,0.4472135954999579,115.0,8.0,124.2,7.2,27.71598153710595,49.20059108841889,0,136.3650105893612,335.1472523063421,0.0,0.0,0.0,86.75503657311201,0.956879508963467
profile,none,risk_aware_rl_cp_b50,5,115.8,0.8366600265340756,115.0,0.0,124.2,6.8,nan,0.0,0,144.10396479070187,330.7775463908911,0.0,0.0,0.0,94.97144923135639,1.0
overall,all,risk_aware_rl_cp_b50,20,114.6,2.257152374587339,110.0,12.5,125.4,6.4,35.92918993862681,170.87002864463463,4,128.37888672947884,335.1472523063421,0.0,0.0,0.0,79.74367991974577,0.9564299901331386
profile,compound_heavy,rl,5,108.6,2.073644135332772,105.0,12.0,131.4,4.8,49.363133891010335,170.87002864463463,3,98.26903119683266,342.203913256526,0.0,0.0,0.0,56.42273666448891,0.9102218121708376
profile,compound_light,rl,5,115.8,0.8366600265340756,115.0,5.0,124.2,6.8,37.65767264402933,161.95692547165442,0,153.8994763046503,318.1757126003504,0.0,0.0,0.0,105.2976641640067,0.9706586450364562
profile,compound_medium,rl,5,115.6,0.5477225575051661,115.0,6.0,124.4,6.6,46.88264820377262,215.47948856271955,0,142.7771121263504,335.0987955927849,0.0,0.0,0.0,89.92602687887847,0.9620376990991684
profile,none,rl,5,115.8,0.8366600265340756,115.0,0.0,124.2,6.8,nan,0.0,0,150.73122791945934,291.67608730494976,0.0,0.0,0.0,97.78424686230719,1.0
overall,all,rl,20,113.95,3.363503812207865,107.0,11.0,126.05,6.25,44.634484912937424,215.47948856271955,3,136.41921188682318,342.203913256526,0.0,0.0,0.0,87.35766864242032,0.9607295390766155
