protocol_version,manifest_sha256,run_key,scenario_id,phase,solver,solver_family,seed,profile,wave_interval,waves,budget_ms,config_sha256,disruption_schedule_sha256,scenario_tape_sha256,total_sorties_completed,total_missed_sorties,sortie_generation_rate_per_hour,sortie_completion_rate,worst_wave_sorties,runtime_seconds,decisions,solve_calls,deadline_misses,fallbacks,latency_p50_ms,latency_p95_ms,latency_p99_ms,latency_max_ms,solve_latency_p50_ms,solve_latency_p95_ms,solve_latency_p99_ms,solve_latency_max_ms,sortie_loss_area,resilience_index,disruption_windows,recovery_time_mean,recovery_time_max,recovery_observed,recovery_censored
1,9f2ef4ff55dba2281830ef64a926877857fc68c249e293a44dfa8e129be87cc3,8cb275aa328836cb829f:cp_sat_repair_b10,8cb275aa328836cb829f,dev,cp_sat_repair_b10,cp_sat_repair,43001,compound_heavy,57.5,4,10.0,966ac5cc524360311ced930f9bf3ddf6831ed46913eda0845cf994caf9761cd0,73577dca7317df28edf80feb82647e3fe5a9708e998ac4e6be442693f5d9cad8,3cc3de7daa516f8b43b694720ec411d0c1e0bbe96cf6b53b55b7436db303319e,74,6,19.304347826086957,0.925,14,0.4815591669175774,599,99,26,26,0.05804188549518585,10.113416006788611,10.275291977450252,10.534167056903243,0.38537499494850636,9.551959112286568,9.567166911438107,9.607667103409767,6,0.925,3,nan,0.0,0,3
1,9f2ef4ff55dba2281830ef64a926877857fc68c249e293a44dfa8e129be87cc3,8cb275aa328836cb829f:cp_sat_repair_b200,8cb275aa328836cb829f,dev,cp_sat_repair_b200,cp_sat_repair,43001,compound_heavy,57.5,4,200.0,966ac5cc524360311ced930f9bf3ddf6831ed46913eda0845cf994caf9761cd0,73577dca7317df28edf80feb82647e3fe5a9708e998ac4e6be442693f5d9cad8,3cc3de7daa516f8b43b694720ec411d0c1e0bbe96cf6b53b55b7436db303319e,74,6,19.304347826086957,0.925,14,5.999524249928072,603,100,27,27,0.058999983593821526,16.072375001385808,200.66904206760228,200.78587508760393,0.43312483467161655,199.76525008678436,199.92604106664658,199.95295791886747,6,0.925,3,nan,0.0,0,3
1,9f2ef4ff55dba2281830ef64a926877857fc68c249e293a44dfa8e129be87cc3,8cb275aa328836cb829f:cp_sat_repair_b50,8cb275aa328836cb829f,dev,cp_sat_repair_b50,cp_sat_repair,43001,compound_heavy,57.5,4,50.0,966ac5cc524360311ced930f9bf3ddf6831ed46913eda0845cf994caf9761cd0,73577dca7317df28edf80feb82647e3fe5a9708e998ac4e6be442693f5d9cad8,3cc3de7daa516f8b43b694720ec411d0c1e0bbe96cf6b53b55b7436db303319e,76,4,19.82608695652174,0.95,16,1.7803717080969363,610,101,29,29,0.05825003609061241,50.17866590060294,50.4641670268029,51.10820895060897,0.42708287946879864,49.7032911516726,49.791333032771945,49.805625109001994,4,0.95,3,nan,0.0,0,3
1,9f2ef4ff55dba2281830ef64a926877857fc68c249e293a44dfa8e129be87cc3,8cb275aa328836cb829f:event_cp_sat_repair_b10,8cb275aa328836cb829f,dev,event_cp_sat_repair_b10,event_cp_sat_repair,43001,compound_heavy,57.5,4,10.0,966ac5cc524360311ced930f9bf3ddf6831ed46913eda0845cf994caf9761cd0,73577dca7317df28edf80feb82647e3fe5a9708e998ac4e6be442693f5d9cad8,3cc3de7daa516f8b43b694720ec411d0c1e0bbe96cf6b53b55b7436db303319e,77,3,20.08695652173913,0.9625,17,0.15001470781862736,615,9,3,133,0.05587493069469929,0.16666599549353123,0.9291251190006733,10.336500126868486,0.4285830073058605,9.333916008472443,9.333916008472443,9.333916008472443,3,0.9625,3,nan,0.0,0,3
1,9f2ef4ff55dba2281830ef64a926877857fc68c249e293a44dfa8e129be87cc3,8cb275aa328836cb829f:event_cp_sat_repair_b200,8cb275aa328836cb829f,dev,event_cp_sat_repair_b200,event_cp_sat_repair,43001,compound_heavy,57.5,4,200.0,966ac5cc524360311ced930f9bf3ddf6831ed46913eda0845cf994caf9761cd0,73577dca7317df28edf80feb82647e3fe5a9708e998ac4e6be442693f5d9cad8,3cc3de7daa516f8b43b694720ec411d0c1e0bbe96cf6b53b55b7436db303319e,77,3,20.08695652173913,0.9625,17,0.4197090419474989,615,9,3,133,0.05595805123448372,0.16770814545452595,0.9316669311374426,200.49262512475252,0.4655409138649702,199.5387920178473,199.5387920178473,199.5387920178473,3,0.9625,3,nan,0.0,0,3
1,9f2ef4ff55dba2281830ef64a926877857fc68c249e293a44dfa8e129be87cc3,8cb275aa328836cb829f:event_cp_sat_repair_b50,8cb275aa328836cb829f,dev,event_cp_sat_repair_b50,event_cp_sat_repair,43001,compound_heavy,57.5,4,50.0,966ac5cc524360311ced930f9bf3ddf6831ed46913eda0845cf994caf9761cd0,73577dca7317df28edf80feb82647e3fe5a9708e998ac4e6be442693f5d9cad8,3cc3de7daa516f8b43b694720ec411d0c1e0bbe96cf6b53b55b7436db303319e,77,3,20.08695652173913,0.9625,17,0.27033108309842646,615,9,3,133,0.05612499080598354,0.16566691920161247,0.9155001025646925,50.60195783153176,0.45708403922617435,49.58574986085296,49.58574986085296,49.58574986085296,3,0.9625,3,nan,0.0,0,3
1,9f2ef4ff55dba2281830ef64a926877857fc68c249e293a44dfa8e129be87cc3,8cb275aa328836cb829f:heuristic,8cb275aa328836cb829f,dev,heuristic,heuristic,43001,compound_heavy,57.5,4,0.0,966ac5cc524360311ced930f9bf3ddf6831ed46913eda0845cf994caf9761cd0,73577dca7317df28edf80feb82647e3fe5a9708e998ac4e6be442693f5d9cad8,3cc3de7daa516f8b43b694720ec411d0c1e0bbe96cf6b53b55b7436db303319e,77,3,20.08695652173913,0.9625,17,0.07709854119457304,618,0,0,0,0.015832949429750443,0.04454213194549084,0.08124997839331627,0.1366250216960907,0.0,0.0,0.0,0.0,3,0.9625,3,nan,0.0,0,3
1,9f2ef4ff55dba2281830ef64a926877857fc68c249e293a44dfa8e129be87cc3,8cb275aa328836cb829f:rl_cp_sat_b10,8cb275aa328836cb829f,dev,rl_cp_sat_b10,rl_cp_sat,43001,compound_heavy,57.5,4,10.0,966ac5cc524360311ced930f9bf3ddf6831ed46913eda0845cf994caf9761cd0,73577dca7317df28edf80feb82647e3fe5a9708e998ac4e6be442693f5d9cad8,3cc3de7daa516f8b43b694720ec411d0c1e0bbe96cf6b53b55b7436db303319e,76,4,19.82608695652174,0.95,16,0.522068666992709,599,9,1,120,0.24662516079843044,1.5245829708874226,2.922957995906472,12.004583142697811,0.5342080257833004,9.383250027894974,9.383250027894974,9.383250027894974,4,0.95,3,nan,0.0,0,3
1,9f2ef4ff55dba2281830ef64a926877857fc68c249e293a44dfa8e129be87cc3,8cb275aa328836cb829f:rl_cp_sat_b200,8cb275aa328836cb829f,dev,rl_cp_sat_b200,rl_cp_sat,43001,compound_heavy,57.5,4,200.0,966ac5cc524360311ced930f9bf3ddf6831ed46913eda0845cf994caf9761cd0,73577dca7317df28edf80feb82647e3fe5a9708e998ac4e6be442693f5d9cad8,3cc3de7daa516f8b43b694720ec411d0c1e0bbe96cf6b53b55b7436db303319e,76,4,19.82608695652174,0.95,16,0.536535375053063,599,9,1,120,0.24933391250669956,1.3875828590244055,2.6637918781489134,52.30266717262566,0.5172500386834145,49.44479209370911,49.44479209370911,49.44479209370911,4,0.95,3,nan,0.0,0,3
1,9f2ef4ff55dba2281830ef64a926877857fc68c249e293a44dfa8e129be87cc3,8cb275aa328836cb829f:rl_cp_sat_b50,8cb275aa328836cb829f,dev,rl_cp_sat_b50,rl_cp_sat,43001,compound_heavy,57.5,4,50.0,966ac5cc524360311ced930f9bf3ddf6831ed46913eda0845cf994caf9761cd0,73577dca7317df28edf80feb82647e3fe5a9708e998ac4e6be442693f5d9cad8,3cc3de7daa516f8b43b694720ec411d0c1e0bbe96cf6b53b55b7436db303319e,76,4,19.82608695652174,0.95,16,0.5410572080872953,599,9,1,120,0.24674995802342892,1.4232920948415995,2.718582982197404,52.175499964505434,0.5139999557286501,49.4440000038594,49.4440000038594,49.4440000038594,4,0.95,3,nan,0.0,0,3
1,9f2ef4ff55dba2281830ef64a926877857fc68c249e293a44dfa8e129be87cc3,79005abd5d2d179a050a:cp_sat_repair_b10,79005abd5d2d179a050a,dev,cp_sat_repair_b10,cp_sat_repair,43001,none,57.5,4,10.0,04027d9149b90f3cf2187a6b1b532dfd896848b3f8346be4e81c8ae31fe5096e,4f53cda18c2baa0c0354bb5f9a3ecbe5ed12ab4d8e11ba873c2f11161202b945,3cc3de7daa516f8b43b694720ec411d0c1e0bbe96cf6b53b55b7436db303319e,80,0,20.869565217391305,1.0,20,3.674971542088315,681,139,35,35,0.053416937589645386,10.11887495405972,10.177208110690117,10.270874947309494,0.8472921326756477,9.48966690339148,9.636417031288147,9.638375137001276,0,1.0,0,nan,0.0,0,0
1,9f2ef4ff55dba2281830ef64a926877857fc68c249e293a44dfa8e129be87cc3,79005abd5d2d179a050a:cp_sat_repair_b200,79005abd5d2d179a050a,dev,cp_sat_repair_b200,cp_sat_repair,43001,none,57.5,4,200.0,04027d9149b90f3cf2187a6b1b532dfd896848b3f8346be4e81c8ae31fe5096e,4f53cda18c2baa0c0354bb5f9a3ecbe5ed12ab4d8e11ba873c2f11161202b945,3cc3de7daa516f8b43b694720ec411d0c1e0bbe96cf6b53b55b7436db303319e,80,0,20.869565217391305,1.0,20,7.22477270802483,679,139,32,32,0.053999945521354675,55.40437484160066,200.7029161322862,203.30329216085374,0.8870000019669533,199.89012507721782,199.99304111115634,202.61629112064838,0,1.0,0,nan,0.0,0,0
1,9f2ef4ff55dba2281830ef64a926877857fc68c249e293a44dfa8e129be87cc3,79005abd5d2d179a050a:cp_sat_repair_b50,79005abd5d2d179a050a,dev,cp_sat_repair_b50,cp_sat_repair,43001,none,57.5,4,50.0,04027d9149b90f3cf2187a6b1b532dfd896848b3f8346be4e81c8ae31fe5096e,4f53cda18c2baa0c0354bb5f9a3ecbe5ed12ab4d8e11ba873c2f11161202b945,3cc3de7daa516f8b43b694720ec411d0c1e0bbe96cf6b53b55b7436db303319e,80,0,20.869565217391305,1.0,20,2.153289666865021,679,139,35,35,0.052999937906861305,50.14800000935793,50.42283399961889,50.88779190555215,0.7955001201480627,49.67837501317263,49.941041972488165,50.10216683149338,0,1.0,0,nan,0.0,0,0
1,9f2ef4ff55dba2281830ef64a926877857fc68c249e293a44dfa8e129be87cc3,79005abd5d2d179a050a:event_cp_sat_repair_b10,79005abd5d2d179a050a,dev,event_cp_sat_repair_b10,event_cp_sat_repair,43001,none,57.5,4,10.0,04027d9149b90f3cf2187a6b1b532dfd896848b3f8346be4e81c8ae31fe5096e,4f53cda18c2baa0c0354bb5f9a3ecbe5ed12ab4d8e11ba873c2f11161202b945,3cc3de7daa516f8b43b694720ec411d0c1e0bbe96cf6b53b55b7436db303319e,80,0,20.869565217391305,1.0,20,0.11716395895928144,679,3,0,169,0.05024997517466545,0.14433288015425205,0.1752080861479044,1.453957986086607,0.4420829936861992,0.526124844327569,0.526124844327569,0.526124844327569,0,1.0,0,nan,0.0,0,0
1,9f2ef4ff55dba2281830ef64a926877857fc68c249e293a44dfa8e129be87cc3,79005abd5d2d179a050a:event_cp_sat_repair_b200,79005abd5d2d179a050a,dev,event_cp_sat_repair_b200,event_cp_sat_repair,43001,none,57.5,4,200.0,04027d9149b90f3cf2187a6b1b532dfd896848b3f8346be4e81c8ae31fe5096e,4f53cda18c2baa0c0354bb5f9a3ecbe5ed12ab4d8e11ba873c2f11161202b945,3cc3de7daa516f8b43b694720ec411d0c1e0bbe96cf6b53b55b7436db303319e,80,0,20.869565217391305,1.0,20,0.11620829114690423,679,3,0,169,0.0502921175211668,0.1438329927623272,0.17041596584022045,1.1294579599052668,0.4776658024638891,0.5265830550342798,0.5265830550342798,0.5265830550342798,0,1.0,0,nan,0.0,0,0
1,9f2ef4ff55dba2281830ef64a926877857fc68c249e293a44dfa8e129be87cc3,79005abd5d2d179a050a:event_cp_sat_repair_b50,79005abd5d2d179a050a,dev,event_cp_sat_repair_b50,event_cp_sat_repair,43001,none,57.5,4,50.0,04027d9149b90f3cf2187a6b1b532dfd896848b3f8346be4e81c8ae31fe5096e,4f53cda18c2baa0c0354bb5f9a3ecbe5ed12ab4d8e11ba873c2f11161202b945,3cc3de7daa516f8b43b694720ec411d0c1e0bbe96cf6b53b55b7436db303319e,80,0,20.869565217391305,1.0,20,0.11579979211091995,679,3,0,169,0.05054101347923279,0.14329212717711926,0.17083296552300453,1.1402079835534096,0.4820418544113636,0.5699167959392071,0.5699167959392071,0.5699167959392071,0,1.0,0,nan,0.0,0,0
1,9f2ef4ff55dba2281830ef64a926877857fc68c249e293a44dfa8e129be87cc3,79005abd5d2d179a050a:heuristic,79005abd5d2d179a050a,dev,heuristic,heuristic,43001,none,57.5,4,0.0,04027d9149b90f3cf2187a6b1b532dfd896848b3f8346be4e81c8ae31fe5096e,4f53cda18c2baa0c0354bb5f9a3ecbe5ed12ab4d8e11ba873c2f11161202b945,3cc3de7daa516f8b43b694720ec411d0c1e0bbe96cf6b53b55b7436db303319e,80,0,20.869565217391305,1.0,20,0.07748358394019306,679,0,0,0,0.014875084161758423,0.04179193638265133,0.05929195322096348,0.08787517435848713,0.0,0.0,0.0,0.0,0,1.0,0,nan,0.0,0,0
1,9f2ef4ff55dba2281830ef64a926877857fc68c249e293a44dfa8e129be87cc3,79005abd5d2d179a050a:rl_cp_sat_b10,79005abd5d2d179a050a,dev,rl_cp_sat_b10,rl_cp_sat,43001,none,57.5,4,10.0,04027d9149b90f3cf2187a6b1b532dfd896848b3f8346be4e81c8ae31fe5096e,4f53cda18c2baa0c0354bb5f9a3ecbe5ed12ab4d8e11ba873c2f11161202b945,3cc3de7daa516f8b43b694720ec411d0c1e0bbe96cf6b53b55b7436db303319e,80,0,20.869565217391305,1.0,20,0.5731097080279142,686,3,0,169,0.2249171957373619,1.4692910481244326,1.6840409953147173,4.662167048081756,0.5784169770777225,0.6269589066505432,0.6269589066505432,0.6269589066505432,0,1.0,0,nan,0.0,0,0
1,9f2ef4ff55dba2281830ef64a926877857fc68c249e293a44dfa8e129be87cc3,79005abd5d2d179a050a:rl_cp_sat_b200,79005abd5d2d179a050a,dev,rl_cp_sat_b200,rl_cp_sat,43001,none,57.5,4,200.0,04027d9149b90f3cf2187a6b1b532dfd896848b3f8346be4e81c8ae31fe5096e,4f53cda18c2baa0c0354bb5f9a3ecbe5ed12ab4d8e11ba873c2f11161202b945,3cc3de7daa516f8b43b694720ec411d0c1e0bbe96cf6b53b55b7436db303319e,80,0,20.869565217391305,1.0,20,0.548244833946228,686,3,0,169,0.22483314387500286,1.431457931175828,1.6076250467449427,3.1532919965684414,0.5247921217232943,0.6227921694517136,0.6227921694517136,0.6227921694517136,0,1.0,0,nan,0.0,0,0
1,9f2ef4ff55dba2281830ef64a926877857fc68c249e293a44dfa8e129be87cc3,79005abd5d2d179a050a:rl_cp_sat_b50,79005abd5d2d179a050a,dev,rl_cp_sat_b50,rl_cp_sat,43001,none,57.5,4,50.0,04027d9149b90f3cf2187a6b1b532dfd896848b3f8346be4e81c8ae31fe5096e,4f53cda18c2baa0c0354bb5f9a3ecbe5ed12ab4d8e11ba873c2f11161202b945,3cc3de7daa516f8b43b694720ec411d0c1e0bbe96cf6b53b55b7436db303319e,80,0,20.869565217391305,1.0,20,0.5570710001047701,686,3,0,169,0.22370810620486736,1.4621249865740538,1.6106250695884228,3.2943328842520714,0.5313330329954624,0.611916882917285,0.611916882917285,0.611916882917285,0,1.0,0,nan,0.0,0,0
