manifest_sha256,run_key,scenario_id,solver,seed,profile,wave_interval,budget_ms,wave_index,wave_time,launch_group,launch_target,launches_started,sorties_completed,missed_sorties
9f2ef4ff55dba2281830ef64a926877857fc68c249e293a44dfa8e129be87cc3,8cb275aa328836cb829f:cp_sat_repair_b10,8cb275aa328836cb829f,cp_sat_repair_b10,43001,compound_heavy,57.5,10.0,0,0.0,A,20,20,20,0
9f2ef4ff55dba2281830ef64a926877857fc68c249e293a44dfa8e129be87cc3,8cb275aa328836cb829f:cp_sat_repair_b10,8cb275aa328836cb829f,cp_sat_repair_b10,43001,compound_heavy,57.5,10.0,1,57.5,B,20,20,20,0
9f2ef4ff55dba2281830ef64a926877857fc68c249e293a44dfa8e129be87cc3,8cb275aa328836cb829f:cp_sat_repair_b10,8cb275aa328836cb829f,cp_sat_repair_b10,43001,compound_heavy,57.5,10.0,2,115.0,A,20,20,20,0
9f2ef4ff55dba2281830ef64a926877857fc68c249e293a44dfa8e129be87cc3,8cb275aa328836cb829f:cp_sat_repair_b10,8cb275aa328836cb829f,cp_sat_repair_b10,43001,compound_heavy,57.5,10.0,3,172.5,B,20,14,14,6
9f2ef4ff55dba2281830ef64a926877857fc68c249e293a44dfa8e129be87cc3,8cb275aa328836cb829f:cp_sat_repair_b200,8cb275aa328836cb829f,cp_sat_repair_b200,43001,compound_heavy,57.5,200.0,0,0.0,A,20,20,20,0
9f2ef4ff55dba2281830ef64a926877857fc68c249e293a44dfa8e129be87cc3,8cb275aa328836cb829f:cp_sat_repair_b200,8cb275aa328836cb829f,cp_sat_repair_b200,43001,compound_heavy,57.5,200.0,1,57.5,B,20,20,20,0
9f2ef4ff55dba2281830ef64a926877857fc68c249e293a44dfa8e129be87cc3,8cb275aa328836cb829f:cp_sat_repair_b200,8cb275aa328836cb829f,cp_sat_repair_b200,43001,compound_heavy,57.5,200.0,2,115.0,A,20,20,20,0
9f2ef4ff55dba2281830ef64a926877857fc68c249e293a44dfa8e129be87cc3,8cb275aa328836cb829f:cp_sat_repair_b200,8cb275aa328836cb829f,cp_sat_repair_b200,43001,compound_heavy,57.5,200.0,3,172.5,B,20,14,14,6
9f2ef4ff55dba2281830ef64a926877857fc68c249e293a44dfa8e129be87cc3,8cb275aa328836cb829f:cp_sat_repair_b50,8cb275aa328836cb829f,cp_sat_repair_b50,43001,compound_heavy,57.5,50.0,0,0.0,A,20,20,20,0
9f2ef4ff55dba2281830ef64a926877857fc68c249e293a44dfa8e129be87cc3,8cb275aa328836cb829f:cp_sat_repair_b50,8cb275aa328836cb829f,cp_sat_repair_b50,43001,compound_heavy,57.5,50.0,1,57.5,B,20,20,20,0
9f2ef4ff55dba2281830ef64a926877857fc68c249e293a44dfa8e129be87cc3,8cb275aa328836cb829f:cp_sat_repair_b50,8cb275aa328836cb829f,cp_sat_repair_b50,43001,compound_heavy,57.5,50.0,2,115.0,A,20,20,20,0
9f2ef4ff55dba2281830ef64a926877857fc68c249e293a44dfa8e129be87cc3,8cb275aa328836cb829f:cp_sat_repair_b50,8cb275aa328836cb829f,cp_sat_repair_b50,43001,compound_heavy,57.5,50.0,3,172.5,B,20,16,16,4
9f2ef4ff55dba2281830ef64a926877857fc68c249e293a44dfa8e129be87cc3,8cb275aa328836cb829f:event_cp_sat_repair_b10,8cb275aa328836cb829f,event_cp_sat_repair_b10,43001,compound_heavy,57.5,10.0,0,0.0,A,20,20,20,0
9f2ef4ff55dba2281830ef64a926877857fc68c249e293a44dfa8e129be87cc3,8cb275aa328836cb829f:event_cp_sat_repair_b10,8cb275aa328836cb829f,event_cp_sat_repair_b10,43001,compound_heavy,57.5,10.0,1,57.5,B,20,20,20,0
9f2ef4ff55dba2281830ef64a926877857fc68c249e293a44dfa8e129be87cc3,8cb275aa328836cb829f:event_cp_sat_repair_b10,8cb275aa328836cb829f,event_cp_sat_repair_b10,43001,compound_heavy,57.5,10.0,2,115.0,A,20,20,20,0
9f2ef4ff55dba2281830ef64a926877857fc68c249e293a44dfa8e129be87cc3,8cb275aa328836cb829f:event_cp_sat_repair_b10,8cb275aa328836cb829f,event_cp_sat_repair_b10,43001,compound_heavy,57.5,10.0,3,172.5,B,20,17,17,3
9f2ef4ff55dba2281830ef64a926877857fc68c249e293a44dfa8e129be87cc3,8cb275aa328836cb829f:event_cp_sat_repair_b200,8cb275aa328836cb829f,event_cp_sat_repair_b200,43001,compound_heavy,57.5,200.0,0,0.0,A,20,20,20,0
9f2ef4ff55dba2281830ef64a926877857fc68c249e293a44dfa8e129be87cc3,8cb275aa328836cb829f:event_cp_sat_repair_b200,8cb275aa328836cb829f,event_cp_sat_repair_b200,43001,compound_heavy,57.5,200.0,1,57.5,B,20,20,20,0
9f2ef4ff55dba2281830ef64a926877857fc68c249e293a44dfa8e129be87cc3,8cb275aa328836cb829f:event_cp_sat_repair_b200,8cb275aa328836cb829f,event_cp_sat_repair_b200,43001,compound_heavy,57.5,200.0,2,115.0,A,20,20,20,0
9f2ef4ff55dba2281830ef64a926877857fc68c249e293a44dfa8e129be87cc3,8cb275aa328836cb829f:event_cp_sat_repair_b200,8cb275aa328836cb829f,event_cp_sat_repair_b200,43001,compound_heavy,57.5,200.0,3,172.5,B,20,17,17,3
9f2ef4ff55dba2281830ef64a926877857fc68c249e293a44dfa8e129be87cc3,8cb275aa328836cb829f:event_cp_sat_repair_b50,8cb275aa328836cb829f,event_cp_sat_repair_b50,43001,compound_heavy,57.5,50.0,0,0.0,A,20,20,20,0
9f2ef4ff55dba2281830ef64a926877857fc68c249e293a44dfa8e129be87cc3,8cb275aa328836cb829f:event_cp_sat_repair_b50,8cb275aa328836cb829f,event_cp_sat_repair_b50,43001,compound_heavy,57.5,50.0,1,57.5,B,20,20,20,0
9f2ef4ff55dba2281830ef64a926877857fc68c249e293a44dfa8e129be87cc3,8cb275aa328836cb829f:event_cp_sat_repair_b50,8cb275aa328836cb829f,event_cp_sat_repair_b50,43001,compound_heavy,57.5,50.0,2,115.0,A,20,20,20,0
9f2ef4ff55dba2281830ef64a926877857fc68c249e293a44dfa8e129be87cc3,8cb275aa328836cb829f:event_cp_sat_repair_b50,8cb275aa328836cb829f,event_cp_sat_repair_b50,43001,compound_heavy,57.5,50.0,3,172.5,B,20,17,17,3
9f2ef4ff55dba2281830ef64a926877857fc68c249e293a44dfa8e129be87cc3,8cb275aa328836cb829f:heuristic,8cb275aa328836cb829f,heuristic,43001,compound_heavy,57.5,0.0,0,0.0,A,20,20,20,0
9f2ef4ff55dba2281830ef64a926877857fc68c249e293a44dfa8e129be87cc3,8cb275aa328836cb829f:heuristic,8cb275aa328836cb829f,heuristic,43001,compound_heavy,57.5,0.0,1,57.5,B,20,20,20,0
9f2ef4ff55dba2281830ef64a926877857fc68c249e293a44dfa8e129be87cc3,8cb275aa328836cb829f:heuristic,8cb275aa328836cb829f,heuristic,43001,compound_heavy,57.5,0.0,2,115.0,A,20,20,20,0
9f2ef4ff55dba2281830ef64a926877857fc68c249e293a44dfa8e129be87cc3,8cb275aa328836cb829f:heuristic,8cb275aa328836cb829f,heuristic,43001,compound_heavy,57.5,0.0,3,172.5,B,20,17,17,3
9f2ef4ff55dba2281830ef64a926877857fc68c249e293a44dfa8e129be87cc3,8cb275aa328836cb829f:rl_cp_sat_b10,8cb275aa328836cb829f,rl_cp_sat_b10,43001,compound_heavy,57.5,10.0,0,0.0,A,20,20,20,0
9f2ef4ff55dba2281830ef64a926877857fc68c249e293a44dfa8e129be87cc3,8cb275aa328836cb829f:rl_cp_sat_b10,8cb275aa328836cb829f,rl_cp_sat_b10,43001,compound_heavy,57.5,10.0,1,57.5,B,20,20,20,0
9f2ef4ff55dba2281830ef64a926877857fc68c249e293a44dfa8e129be87cc3,8cb275aa328836cb829f:rl_cp_sat_b10,8cb275aa328836cb829f,rl_cp_sat_b10,43001,compound_heavy,57.5,10.0,2,115.0,A,20,20,20,0
9f2ef4ff55dba2281830ef64a926877857fc68c249e293a44dfa8e129be87cc3,8cb275aa328836cb829f:rl_cp_sat_b10,8cb275aa328836cb829f,rl_cp_sat_b10,43001,compound_heavy,57.5,10.0,3,172.5,B,20,16,16,4
9f2ef4ff55dba2281830ef64a926877857fc68c249e293a44dfa8e129be87cc3,8cb275aa328836cb829f:rl_cp_sat_b200,8cb275aa328836cb829f,rl_cp_sat_b200,43001,compound_heavy,57.5,200.0,0,0.0,A,20,20,20,0
9f2ef4ff55dba2281830ef64a926877857fc68c249e293a44dfa8e129be87cc3,8cb275aa328836cb829f:rl_cp_sat_b200,8cb275aa328836cb829f,rl_cp_sat_b200,43001,compound_heavy,57.5,200.0,1,57.5,B,20,20,20,0
9f2ef4ff55dba2281830ef64a926877857fc68c249e293a44dfa8e129be87cc3,8cb275aa328836cb829f:rl_cp_sat_b200,8cb275aa328836cb829f,rl_cp_sat_b200,43001,compound_heavy,57.5,200.0,2,115.0,A,20,20,20,0
9f2ef4ff55dba2281830ef64a926877857fc68c249e293a44dfa8e129be87cc3,8cb275aa328836cb829f:rl_cp_sat_b200,8cb275aa328836cb829f,rl_cp_sat_b200,43001,compound_heavy,57.5,200.0,3,172.5,B,20,16,16,4
9f2ef4ff55dba2281830ef64a926877857fc68c249e293a44dfa8e129be87cc3,8cb275aa328836cb829f:rl_cp_sat_b50,8cb275aa328836cb829f,rl_cp_sat_b50,43001,compound_heavy,57.5,50.0,0,0.0,A,20,20,20,0
9f2ef4ff55dba2281830ef64a926877857fc68c249e293a44dfa8e129be87cc3,8cb275aa328836cb829f:rl_cp_sat_b50,8cb275aa328836cb829f,rl_cp_sat_b50,43001,compound_heavy,57.5,50.0,1,57.5,B,20,20,20,0
9f2ef4ff55dba2281830ef64a926877857fc68c249e293a44dfa8e129be87cc3,8cb275aa328836cb829f:rl_cp_sat_b50,8cb275aa328836cb829f,rl_cp_sat_b50,43001,compound_heavy,57.5,50.0,2,115.0,A,20,20,20,0
9f2ef4ff55dba2281830ef64a926877857fc68c249e293a44dfa8e129be87cc3,8cb275aa328836cb829f:rl_cp_sat_b50,8cb275aa328836cb829f,rl_cp_sat_b50,43001,compound_heavy,57.5,50.0,3,172.5,B,20,16,16,4
9f2ef4ff55dba2281830ef64a926877857fc68c249e293a44dfa8e129be87cc3,79005abd5d2d179a050a:cp_sat_repair_b10,79005abd5d2d179a050a,cp_sat_repair_b10,43001,none,57.5,10.0,0,0.0,A,20,20,20,0
9f2ef4ff55dba2281830ef64a926877857fc68c249e293a44dfa8e129be87cc3,79005abd5d2d179a050a:cp_sat_repair_b10,79005abd5d2d179a050a,cp_sat_repair_b10,43001,none,57.5,10.0,1,57.5,B,20,20,20,0
9f2ef4ff55dba2281830ef64a926877857fc68c249e293a44dfa8e129be87cc3,79005abd5d2d179a050a:cp_sat_repair_b10,79005abd5d2d179a050a,cp_sat_repair_b10,43001,none,57.5,10.0,2,115.0,A,20,20,20,0
9f2ef4ff55dba2281830ef64a926877857fc68c249e293a44dfa8e129be87cc3,79005abd5d2d179a050a:cp_sat_repair_b10,79005abd5d2d179a050a,cp_sat_repair_b10,43001,none,57.5,10.0,3,172.5,B,20,20,20,0
9f2ef4ff55dba2281830ef64a926877857fc68c249e293a44dfa8e129be87cc3,79005abd5d2d179a050a:cp_sat_repair_b200,79005abd5d2d179a050a,cp_sat_repair_b200,43001,none,57.5,200.0,0,0.0,A,20,20,20,0
9f2ef4ff55dba2281830ef64a926877857fc68c249e293a44dfa8e129be87cc3,79005abd5d2d179a050a:cp_sat_repair_b200,79005abd5d2d179a050a,cp_sat_repair_b200,43001,none,57.5,200.0,1,57.5,B,20,20,20,0
9f2ef4ff55dba2281830ef64a926877857fc68c249e293a44dfa8e129be87cc3,79005abd5d2d179a050a:cp_sat_repair_b200,79005abd5d2d179a050a,cp_sat_repair_b200,43001,none,57.5,200.0,2,115.0,A,20,20,20,0
9f2ef4ff55dba2281830ef64a926877857fc68c249e293a44dfa8e129be87cc3,79005abd5d2d179a050a:cp_sat_repair_b200,79005abd5d2d179a050a,cp_sat_repair_b200,43001,none,57.5,200.0,3,172.5,B,20,20,20,0
9f2ef4ff55dba2281830ef64a926877857fc68c249e293a44dfa8e129be87cc3,79005abd5d2d179a050a:cp_sat_repair_b50,79005abd5d2d179a050a,cp_sat_repair_b50,43001,none,57.5,50.0,0,0.0,A,20,20,20,0
9f2ef4ff55dba2281830ef64a926877857fc68c249e293a44dfa8e129be87cc3,79005abd5d2d179a050a:cp_sat_repair_b50,79005abd5d2d179a050a,cp_sat_repair_b50,43001,none,57.5,50.0,1,57.5,B,20,20,20,0
9f2ef4ff55dba2281830ef64a926877857fc68c249e293a44dfa8e129be87cc3,79005abd5d2d179a050a:cp_sat_repair_b50,79005abd5d2d179a050a,cp_sat_repair_b50,43001,none,57.5,50.0,2,115.0,A,20,20,20,0
9f2ef4ff55dba2281830ef64a926877857fc68c249e293a44dfa8e129be87cc3,79005abd5d2d179a050a:cp_sat_repair_b50,79005abd5d2d179a050a,cp_sat_repair_b50,43001,none,57.5,50.0,3,172.5,B,20,20,20,0
9f2ef4ff55dba2281830ef64a926877857fc68c249e293a44dfa8e129be87cc3,79005abd5d2d179a050a:event_cp_sat_repair_b10,79005abd5d2d179a050a,event_cp_sat_repair_b10,43001,none,57.5,10.0,0,0.0,A,20,20,20,0
9f2ef4ff55dba2281830ef64a926877857fc68c249e293a44dfa8e129be87cc3,79005abd5d2d179a050a:event_cp_sat_repair_b10,79005abd5d2d179a050a,event_cp_sat_repair_b10,43001,none,57.5,10.0,1,57.5,B,20,20,20,0
9f2ef4ff55dba2281830ef64a926877857fc68c249e293a44dfa8e129be87cc3,79005abd5d2d179a050a:event_cp_sat_repair_b10,79005abd5d2d179a050a,event_cp_sat_repair_b10,43001,none,57.5,10.0,2,115.0,A,20,20,20,0
9f2ef4ff55dba2281830ef64a926877857fc68c249e293a44dfa8e129be87cc3,79005abd5d2d179a050a:event_cp_sat_repair_b10,79005abd5d2d179a050a,event_cp_sat_repair_b10,43001,none,57.5,10.0,3,172.5,B,20,20,20,0
9f2ef4ff55dba2281830ef64a926877857fc68c249e293a44dfa8e129be87cc3,79005abd5d2d179a050a:event_cp_sat_repair_b200,79005abd5d2d179a050a,event_cp_sat_repair_b200,43001,none,57.5,200.0,0,0.0,A,20,20,20,0
9f2ef4ff55dba2281830ef64a926877857fc68c249e293a44dfa8e129be87cc3,79005abd5d2d179a050a:event_cp_sat_repair_b200,79005abd5d2d179a050a,event_cp_sat_repair_b200,43001,none,57.5,200.0,1,57.5,B,20,20,20,0
9f2ef4ff55dba2281830ef64a926877857fc68c249e293a44dfa8e129be87cc3,79005abd5d2d179a050a:event_cp_sat_repair_b200,79005abd5d2d179a050a,event_cp_sat_repair_b200,43001,none,57.5,200.0,2,115.0,A,20,20,20,0
9f2ef4ff55dba2281830ef64a926877857fc68c249e293a44dfa8e129be87cc3,79005abd5d2d179a050a:event_cp_sat_repair_b200,79005abd5d2d179a050a,event_cp_sat_repair_b200,43001,none,57.5,200.0,3,172.5,B,20,20,20,0
9f2ef4ff55dba2281830ef64a926877857fc68c249e293a44dfa8e129be87cc3,79005abd5d2d179a050a:event_cp_sat_repair_b50,79005abd5d2d179a050a,event_cp_sat_repair_b50,43001,none,57.5,50.0,0,0.0,A,20,20,20,0
9f2ef4ff55dba2281830ef64a926877857fc68c249e293a44dfa8e129be87cc3,79005abd5d2d179a050a:event_cp_sat_repair_b50,79005abd5d2d179a050a,event_cp_sat_repair_b50,43001,none,57.5,50.0,1,57.5,B,20,20,20,0
9f2ef4ff55dba2281830ef64a926877857fc68c249e293a44dfa8e129be87cc3,79005abd5d2d179a050a:event_cp_sat_repair_b50,79005abd5d2d179a050a,event_cp_sat_repair_b50,43001,none,57.5,50.0,2,115.0,A,20,20,20,0
9f2ef4ff55dba2281830ef64a926877857fc68c249e293a44dfa8e129be87cc3,79005abd5d2d179a050a:event_cp_sat_repair_b50,79005abd5d2d179a050a,event_cp_sat_repair_b50,43001,none,57.5,50.0,3,172.5,B,20,20,20,0
9f2ef4ff55dba2281830ef64a926877857fc68c249e293a44dfa8e129be87cc3,79005abd5d2d179a050a:heuristic,79005abd5d2d179a050a,heuristic,43001,none,57.5,0.0,0,0.0,A,20,20,20,0
9f2ef4ff55dba2281830ef64a926877857fc68c249e293a44dfa8e129be87cc3,79005abd5d2d179a050a:heuristic,79005abd5d2d179a050a,heuristic,43001,none,57.5,0.0,1,57.5,B,20,20,20,0
9f2ef4ff55dba2281830ef64a926877857fc68c249e293a44dfa8e129be87cc3,79005abd5d2d179a050a:heuristic,79005abd5d2d179a050a,heuristic,43001,none,57.5,0.0,2,115.0,A,20,20,20,0
9f2ef4ff55dba2281830ef64a926877857fc68c249e293a44dfa8e129be87cc3,79005abd5d2d179a050a:heuristic,79005abd5d2d179a050a,heuristic,43001,none,57.5,0.0,3,172.5,B,20,20,20,0
9f2ef4ff55dba2281830ef64a926877857fc68c249e293a44dfa8e129be87cc3,79005abd5d2d179a050a:rl_cp_sat_b10,79005abd5d2d179a050a,rl_cp_sat_b10,43001,none,57.5,10.0,0,0.0,A,20,20,20,0
9f2ef4ff55dba2281830ef64a926877857fc68c249e293a44dfa8e129be87cc3,79005abd5d2d179a050a:rl_cp_sat_b10,79005abd5d2d179a050a,rl_cp_sat_b10,43001,none,57.5,10.0,1,57.5,B,20,20,20,0
9f2ef4ff55dba2281830ef64a926877857fc68c249e293a44dfa8e129be87cc3,79005abd5d2d179a050a:rl_cp_sat_b10,79005abd5d2d179a050a,rl_cp_sat_b10,43001,none,57.5,10.0,2,115.0,A,20,20,20,0
9f2ef4ff55dba2281830ef64a926877857fc68c249e293a44dfa8e129be87cc3,79005abd5d2d179a050a:rl_cp_sat_b10,79005abd5d2d179a050a,rl_cp_sat_b10,43001,none,57.5,10.0,3,172.5,B,20,20,20,0
9f2ef4ff55dba2281830ef64a926877857fc68c249e293a44dfa8e129be87cc3,79005abd5d2d179a050a:rl_cp_sat_b200,79005abd5d2d179a050a,rl_cp_sat_b200,43001,none,57.5,200.0,0,0.0,A,20,20,20,0
9f2ef4ff55dba2281830ef64a926877857fc68c249e293a44dfa8e129be87cc3,79005abd5d2d179a050a:rl_cp_sat_b200,79005abd5d2d179a050a,rl_cp_sat_b200,43001,none,57.5,200.0,1,57.5,B,20,20,20,0
9f2ef4ff55dba2281830ef64a926877857fc68c249e293a44dfa8e129be87cc3,79005abd5d2d179a050a:rl_cp_sat_b200,79005abd5d2d179a050a,rl_cp_sat_b200,43001,none,57.5,200.0,2,115.0,A,20,20,20,0
9f2ef4ff55dba2281830ef64a926877857fc68c249e293a44dfa8e129be87cc3,79005abd5d2d179a050a:rl_cp_sat_b200,79005abd5d2d179a050a,rl_cp_sat_b200,43001,none,57.5,200.0,3,172.5,B,20,20,20,0
9f2ef4ff55dba2281830ef64a926877857fc68c249e293a44dfa8e129be87cc3,79005abd5d2d179a050a:rl_cp_sat_b50,79005abd5d2d179a050a,rl_cp_sat_b50,43001,none,57.5,50.0,0,0.0,A,20,20,20,0
9f2ef4ff55dba2281830ef64a926877857fc68c249e293a44dfa8e129be87cc3,79005abd5d2d179a050a:rl_cp_sat_b50,79005abd5d2d179a050a,rl_cp_sat_b50,43001,none,57.5,50.0,1,57.5,B,20,20,20,0
9f2ef4ff55dba2281830ef64a926877857fc68c249e293a44dfa8e129be87cc3,79005abd5d2d179a050a:rl_cp_sat_b50,79005abd5d2d179a050a,rl_cp_sat_b50,43001,none,57.5,50.0,2,115.0,A,20,20,20,0
9f2ef4ff55dba2281830ef64a926877857fc68c249e293a44dfa8e129be87cc3,79005abd5d2d179a050a:rl_cp_sat_b50,79005abd5d2d179a050a,rl_cp_sat_b50,43001,none,57.5,50.0,3,172.5,B,20,20,20,0
