method,seed,total_sorties_completed,wave_sorties
batch_candidate_244,66006,101,16;11;8;8;8;8;7;8;7;7;7;6
cp_sat,66006,101,16;11;8;8;8;7;7;8;7;7;7;7
batch_candidate_244,66007,102,16;11;8;8;8;8;7;6;8;7;7;8
cp_sat,66007,101,16;11;8;8;7;8;7;7;7;7;8;7
batch_candidate_244,66008,102,16;11;8;8;8;8;7;7;7;8;8;6
cp_sat,66008,102,16;11;8;8;8;7;7;8;7;7;7;8
batch_candidate_244,66009,102,16;11;8;8;8;7;8;8;8;6;8;6
cp_sat,66009,101,16;11;8;8;8;7;7;7;8;7;7;7
batch_candidate_244,66010,100,14;9;10;8;8;8;7;8;7;8;7;6
cp_sat,66010,100,16;11;8;8;8;7;7;8;6;7;7;7
