profile,solver,seed,wave_interval,waves,total_sorties_completed,total_missed_sorties,worst_wave,runtime_seconds,disruptions_scheduled,disruptions_started,wave_sorties
none,heuristic,65001,60.0,12,119,121,8,20.87504129204899,0,0,20;11;10;10;9;9;9;8;9;8;8;8
none,cp_sat,65001,60.0,12,119,121,7,26.17617349990178,0,0,20;11;10;10;9;10;9;8;9;9;7;7
none,rl_fixed,65001,60.0,12,119,121,6,26.491201416007243,0,0,20;12;10;10;10;9;10;9;8;8;7;6
none,rl_multiload,65001,60.0,12,120,120,7,23.86702708399389,0,0,20;12;10;10;10;9;10;9;8;7;8;7
light,heuristic,65001,60.0,12,117,123,8,19.994919457938522,15,15,20;11;10;9;8;9;8;9;8;9;8;8
light,cp_sat,65001,60.0,12,119,121,7,22.82431891700253,15,15,20;11;10;10;9;10;9;9;9;8;7;7
light,rl_fixed,65001,60.0,12,120,120,7,23.28378099994734,15,15,20;12;10;10;9;9;9;9;9;8;7;8
light,rl_multiload,65001,60.0,12,121,119,6,23.373414832982235,15,15,20;12;10;10;10;10;9;9;9;8;6;8
medium,heuristic,65001,60.0,12,116,124,6,18.275950917042792,30,30,20;11;10;9;8;8;6;9;8;8;9;10
medium,cp_sat,65001,60.0,12,120,120,7,21.282920708996244,30,30,20;11;10;9;10;9;7;10;9;8;9;8
medium,rl_fixed,65001,60.0,12,120,120,7,22.261734291911125,30,30,20;12;10;9;9;9;7;10;9;8;8;9
medium,rl_multiload,65001,60.0,12,120,120,7,22.486348916077986,30,30,20;12;10;9;10;10;7;10;9;8;8;7
heavy,heuristic,65001,60.0,12,108,132,5,17.25463425007183,54,54,20;11;10;6;8;8;5;9;8;5;9;9
heavy,cp_sat,65001,60.0,12,115,125,5,18.8592364579672,54,54,20;11;10;6;9;10;5;10;10;5;10;9
heavy,rl_fixed,65001,60.0,12,116,124,6,19.95217462501023,54,54,20;12;10;6;9;9;6;9;9;6;10;10
heavy,rl_multiload,65001,60.0,12,114,126,5,19.110555124934763,54,54,20;12;10;6;9;10;5;9;10;5;9;9
none,heuristic,65002,60.0,12,116,124,8,19.584351500030607,0,0,20;11;9;8;8;8;9;9;8;8;9;9
none,cp_sat,65002,60.0,12,118,122,6,26.233592915930785,0,0,20;11;10;10;9;9;9;10;8;9;7;6
none,rl_fixed,65002,60.0,12,120,120,7,26.046830915962346,0,0,20;12;10;10;10;9;10;9;7;8;7;8
none,rl_multiload,65002,60.0,12,120,120,7,23.848237584112212,0,0,20;12;10;10;10;9;9;9;9;7;8;7
light,heuristic,65002,60.0,12,113,127,7,20.443450166960247,15,15,20;11;9;9;8;9;8;8;7;8;8;8
light,cp_sat,65002,60.0,12,119,121,6,23.277352040982805,15,15,20;11;10;9;10;9;9;9;8;10;6;8
light,rl_fixed,65002,60.0,12,120,120,7,24.827462917077355,15,15,20;12;10;10;10;10;9;9;8;8;7;7
light,rl_multiload,65002,60.0,12,120,120,7,24.671133709023707,15,15,20;12;10;9;10;10;9;9;9;7;8;7
medium,heuristic,65002,60.0,12,114,126,7,18.53745479194913,30,30,20;11;9;8;8;10;7;8;8;8;8;9
medium,cp_sat,65002,60.0,12,119,121,7,21.59383566607721,30,30,20;11;10;8;10;9;7;10;9;9;9;7
medium,rl_fixed,65002,60.0,12,120,120,8,23.67872195900418,30,30,20;12;10;8;10;10;8;9;9;8;8;8
medium,rl_multiload,65002,60.0,12,120,120,8,23.88081708305981,30,30,20;12;10;8;10;10;8;9;8;8;9;8
heavy,heuristic,65002,60.0,12,110,130,5,18.485797917004675,54,54,20;11;9;7;9;9;5;8;8;7;9;8
heavy,cp_sat,65002,60.0,12,117,123,6,19.339021041989326,54,54,20;11;10;7;10;9;6;10;9;6;10;9
heavy,rl_fixed,65002,60.0,12,118,122,6,22.47619966592174,54,54,20;12;10;7;10;9;6;10;9;7;9;9
heavy,rl_multiload,65002,60.0,12,116,124,6,22.213890834013,54,54,20;12;10;7;10;10;6;10;9;6;8;8
none,heuristic,65003,60.0,12,119,121,7,22.52828633307945,0,0,20;11;10;10;10;9;9;8;8;9;8;7
none,cp_sat,65003,60.0,12,119,121,7,26.140893792035058,0,0,20;11;10;10;9;9;10;9;9;8;7;7
none,rl_fixed,65003,60.0,12,120,120,7,27.40098529192619,0,0,20;12;10;10;10;9;10;9;8;7;8;7
none,rl_multiload,65003,60.0,12,120,120,7,24.59344216703903,0,0,20;12;10;10;9;10;10;9;7;8;8;7
light,heuristic,65003,60.0,12,117,123,7,22.55261775001418,15,15,20;11;10;9;9;8;8;9;8;10;8;7
light,cp_sat,65003,60.0,12,119,121,7,22.82050995901227,15,15,20;11;10;10;9;10;8;9;9;8;8;7
light,rl_fixed,65003,60.0,12,120,120,7,24.198836792027578,15,15,20;12;10;9;10;10;9;8;9;8;8;7
light,rl_multiload,65003,60.0,12,118,122,7,23.66239441698417,15,15,20;12;10;10;8;10;8;9;9;7;8;7
medium,heuristic,65003,60.0,12,119,121,8,22.029909709002823,30,30,20;11;10;9;10;9;8;8;10;8;8;8
medium,cp_sat,65003,60.0,12,119,121,7,22.639199709054083,30,30,20;11;10;10;9;10;8;8;9;9;7;8
medium,rl_fixed,65003,60.0,12,120,120,7,24.437677665962838,30,30,20;12;10;9;9;10;9;9;10;7;7;8
medium,rl_multiload,65003,60.0,12,121,119,7,24.047748958924785,30,30,20;12;10;10;9;10;8;10;9;7;8;8
heavy,heuristic,65003,60.0,12,106,134,5,17.14370983291883,54,54,20;11;10;5;8;8;5;8;9;6;7;9
heavy,cp_sat,65003,60.0,12,113,127,5,17.501535375020467,54,54,20;11;10;5;9;10;5;8;10;6;9;10
heavy,rl_fixed,65003,60.0,12,111,129,5,20.307313792058267,54,54,20;12;10;6;9;10;5;8;9;6;8;8
heavy,rl_multiload,65003,60.0,12,113,127,5,19.14337941701524,54,54,20;12;10;6;9;10;5;8;9;7;8;9
